<?xml version="1.0" encoding="UTF-8"?>
<root>
  <item name="com.regula.common.RegCameraFragment previewSizeType">
    <annotation name="androidx.annotation.IntDef">
      <val name="value" val="{com.regula.common.enums.CameraPreviewSize.BEST, com.regula.common.enums.CameraPreviewSize.WORST, com.regula.common.enums.CameraPreviewSize.FIXED_OR_FIRST_BEST, com.regula.common.enums.CameraPreviewSize.FIXED_OR_FIRST_WORST}" />
    </annotation>
  </item>
  <item name="com.regula.common.RegCameraFragment void setPreviewSizeType(int) 0">
    <annotation name="androidx.annotation.IntDef">
      <val name="value" val="{com.regula.common.enums.CameraPreviewSize.BEST, com.regula.common.enums.CameraPreviewSize.WORST, com.regula.common.enums.CameraPreviewSize.FIXED_OR_FIRST_BEST, com.regula.common.enums.CameraPreviewSize.FIXED_OR_FIRST_WORST}" />
    </annotation>
  </item>
  <item name="com.regula.common.VideoRecordingActivity startVideoOrientation">
    <annotation name="androidx.annotation.IntDef">
      <val name="value" val="{com.regula.common.enums.LayoutOrientation.UNKNOWN_DEGREES_VALUE, com.regula.common.enums.LayoutOrientation.PORTRAIT_DEGREES_VALUE, com.regula.common.enums.LayoutOrientation.LANDSCAPE_LEFT_DEGREES_VALUE, com.regula.common.enums.LayoutOrientation.LANDSCAPE_RIGHT_DEGREES_VALUE}" />
    </annotation>
  </item>
</root>

